Product Name,Price
COMPATIBLE CANON 045B/CF400 BLACK TONER,R275.00
COMPATIBLE CANON 045C/CF401 CYAN,R299.00
COMPATIBLE CANON 045M/CF403 MAJENTA,R299.00
COMPATIBLE CANON 045Y/CF402 YELLOW,R299.00
COMPATIBLE CANON 054 /CF54CYAN TONER,R299.00
COMPATIBLE CANON 054 BLACK/CF540 BLACK,R299.00
COMPATIBLE CANON 727/HP7570A UNI BLACK,R749.00
COMPATIBLE CANON 737/HP CF283A UNIVERSAL 1500Y,R178.00
COMPATIBLE HP 255A/CAN 724 BLACK,R351.00
COMPATIBLE HP 2612A/FX10/703 UNI BLACK,R149.00
COMPATIBLE HP 280A/505A/CF278A/CAN719B,R199.00
COMPATIBLE HP 285/435/436/CAN712/725 UNIVERSAL,R165.00
